content,label,title,author,s_area_id
用了一段時間，感覺還不錯，可以,positive,,,
電視非常好，已經是家裡的第二台了。第一天下單，第二天就到本地了，可是物流的人說車壞了，一直催，客服也幫著催，到第三天下午5點才送過來。父母年紀大了，買個大電視畫面清晰，趁著耳朵還好使，享受幾年。,positive,,,
電視比想像中的大好多，畫面也很清晰，系統很智慧，更多功能還在摸索中,positive,,,
不錯,positive,,,
用了這麼多天了，感覺還不錯。夏普的牌子還是比較可靠。希望以後比較耐用，現在是考量品質的時候。,positive,,,
物流速度很快，非常棒，今天就看了電視，非常清晰，非常流暢，一次非常完美的購物體驗,positive,,,
非常好，客服還特意打電話做回訪,positive,,,
物流小哥不錯，辛苦了，東西還沒用,positive,,,
送貨速度快，品質有保障，活動價格挺好的。希望用的久，不出問題。,positive,,,
非常漂亮，也非常清晰，反應速度也快。,positive,,,
很不錯家裡都喜歡。。。一次買了三台,positive,,,
送貨非常快！品質非常好，這次購物非常愉快！！,positive,,,
58好大都不錯。看品質咯,positive,,,
物流很快，物有所值，值得信賴。依舊會關顧！謝謝商家！,positive,,,
這價錢超值，收到貨馬上裝上看了一下。很清晰式樣也蠻好！贊贊,positive,,,
目前感受還不錯,positive,,,
速度快、服務態度很好,positive,,,
挺好的，物流也快，兩天就到了,positive,,,
發貨速度快,positive,,,
送貨很快，安裝服務也很好,positive,,,
品質很好，物流服務到位,positive,,,
看4k這款確實比普通屏好很多，感覺比較明顯，價格的話雙12搞活動比較給力，就是百視通的資源與騰訊視頻比還是有點差距，客戶自己裝一個！,positive,,,
便宜，能用，這個價格可以。,positive,,,
給我媽買的，媽媽很開心說很好，說快遞小哥態度很好。給好評。,positive,,,
性價比極高的一款電視機，值得 擁有,positive,,,
電視不錯 曬單： 收起 向左轉 向右轉,positive,,,
還不錯啊，高端大氣上檔次，外觀喜歡。,positive,,,
還不錯,positive,,,
這台電視是給遠在家鄉的父母買的。父母年紀大了，這種簡單的作業系統比較適合他們。搞活動半夜下的單子，第二天就送到了，安裝簡單，系統運行速度也很快。各種類別節目都很齊全，清晰度很好。父母反應很滿意！,positive,,,
蠻好的。物美價廉。我同事看我買了也買了兩台。還包上門安裝。,positive,,,
挺好的，就是感覺買小了，應該買43寸的,positive,,,
不錯，很好,positive,,,
相信日本品牌，品質放心。,positive,,,
好，一次不錯的選擇，非常清楚，非常好。,positive,,,
給奶奶買的，奶奶很喜歡。送貨的服務也不錯哦。,positive,,,
挺不錯的 畫面清晰 外觀既好看又時尚,positive,,,
給老爸臥室買的，品質很不錯，第一次買夏普，網路直接連接，送了一年的愛奇藝，不錯,positive,,,
給姑姑買的臥室電視，不錯哦。上門安裝加掛架多付80而已。姑姑很滿意,positive,,,
服務很好，,positive,,,
價格便宜，性價比挺好，剛剛開始用,positive,,,
電視收到了，很好，品質好，色彩也好，安裝師傅也有耐心！棒棒！,positive,,,
電視不錯，螢幕夠大。,positive,,,
電視到貨很久了，今天才安裝好，很激動，效果很好，京東物流也很給力，必須給五分?,positive,,,
還不錯,positive,,,
寶貝收到了，發貨速度很快，價格實惠，包裝完整，非常滿意！,positive,,,
京東家電正品低價服務到家,positive,,,
京東值得信賴,positive,,,
58寸！你想像不的視覺體驗！操作介面簡單，遙控的語音辨識很是不錯，影片庫也很全，從最新的到最熱的，從此愛上看電視！,positive,,,
為電視的問題考慮了半天，從LG換到三星，最終選擇了索尼。沒有usb3.0和hdmi2.0的電視，以後必然難以支援4K60幀的視頻，這個價位選索尼沒毛病,positive,,,
團購比平時便宜2O0元，抵,positive,,,
快遞物流好，自行安裝底座很方便，由於不是高清機上盒緣故，接有線電視圖像一般，其他圖像非常好。投屏功能很好用，操作介面整潔，把新電視螢幕的保護膜撕掉，畫面十分鮮豔，連接wifi後，測試了一下，很滿意，非常愉快的一次網購體驗！ 曬單： 收起 向左轉 向右轉,positive,,,
"電視相當不錯，12月18號下的單，19號下午收到的，足以證明火爆程度。總結了以下幾點:一、65H7全金屬機身、（後面塑膠）視覺無邊框，我比較喜歡，無邊界方顯大視野； 25核處理器，2G DDR4+8G FLASH，配置好電視才能運行快；雖說記憶體不是很大，剩餘記憶體不到4個g，應該也夠用 。二、電視外表整體做工還行， 擁有HDR技術，廣色域技術，4K MEMC，色彩好，擁有HDR技術，廣色域技術，4K MEMC，畫質清晰音質也還好 杜比解碼+DTS解碼，立體環繞音效，搭載酷開系統5.8。三、對比很多，其他電視只有螢幕和資源拿的出手，防抖什麼的就絕口不提，反而創維65H7能在這個價位加上MEMC,相當良心，所以還是選了創維。四、電視也今年5月份剛上市，雖說對電視沒有多大瞭解，都是網上查看，電視用的cpu也是去年新出（至於好壞我也不懂，看了很多，大家可以自己查看）五、對供應商客服很滿意，糾結了好幾天，有什麼問題都問到供應商客服，而且每次都是耐心及時給回答，對於這點體驗很好，相信售後也很給力的。安裝也相當給力，當天下午到貨，晚上就裝上了，還免安裝費。",positive,,,
此使用者未及時評價，系統預設好評。 2017-12-01 17:17:15 追加： 很清晰，音質很好,positive,,,
外觀很漂亮，畫質和聲音都非常不錯,positive,,,
安裝完成，開始用起來，感覺還不錯,positive,,,
電視很完美，看起來也很漂亮。邊框窄，整體觀看效果比普通的LED電視好很多。安裝師傅很給力，送貨師傅也很給力。五星好評。,positive,,,
非常不錯的電視機，價格也便宜，飛利浦，大品牌,positive,,,
很好，送貨很快，滿意,positive,,,
一如既往的好評拍來送人的。朋友很滿意。,positive,,,
還不錯哦，送貨很快，提前一天就送來了,positive,,,
不得不佩服京東的配送速度，太快了，現在基本都在京東買了，又便宜又好,positive,,,
物美價廉,positive,,,
超高性價比！性價比簡直是無敵！雖然造工比不上大品牌，但價格低啊，找不到比這便宜的了。不過想看的都要會員啊，曬單送我3年會員試試看好啦?！,positive,,,
雙十一的時候給自家買了台55x3鄰居看到後很喜歡，雙十二讓我幫他買了台43的，還不錯支持暴風,positive,,,
值得購買,positive,,,
性價比很高！,positive,,,
不錯,positive,,,
非常好，好評,positive,,,
寶貝很好喲，買之前一直擔心電視的品質問題，用了一段時間後才明白那是多餘的擔心，品質沒有任何問題，杠杠的，值得信賴。,positive,,,
老品牌，我信任，看著不錯啊。,positive,,,
很輕 感覺 挺單薄 不過價格也便宜 對得起 這個價格了,positive,,,
送貨快服務及時，態度很好，非常滿意！,positive,,,
12月4日零點搶的，12月5日中午前就送到，剛買完的第二天早上8點半就有客服打電話過來確認訂單的情況 及物流的時間選擇發送，雖然時間太早，但還是感覺很貼心。第二，收到貨後，馬上打創維的客服熱線，下午4點左右不到就家來安裝完畢。整個購物體驗非常棒。安裝的師付也說這電視不錯。就是後來加了一條創維的原廠線158元的高清線。以前機上盒不是高清線。所以，我還是給了5分。,positive,,,
飛利浦的電器不用說 ，品質杠杠的,positive,,,
東西不錯，值得擁有。。。。。q,positive,,,
送給姐姐喬遷新居的禮物，今天到貨並安裝好了。京東服務非常細心，電視也完好正常，姐姐很滿意!,positive,,,
畫面清楚、品質保證,positive,,,
畫面清晰 師傅安裝很好很快 滿意,positive,,,
雙11 949元買的，價格實惠，能用就行。,positive,,,
顯示效果很棒，音質一般般！放在店裡用，螢幕大，性價比還可以吧，雖然別其他品牌的貴一點，但資源多！整體做工一般，塑膠感挺強的，家裡用的話不建議這款！介面比較豐富。整體中規中矩！曬圖的視頻是超清畫質，開啟杜比音效的效果，供大家參考！ 曬單： 收起 向左轉 向右轉,positive,,,
挺好的,positive,,,
東西不錯，就是貨運特別慢，多次打電話才送到。,positive,,,
挺好的,positive,,,
老家鄉里的電視被小娃娃弄壞了，一直都想換一個新電視 在京東上看了又看等到雙十一的時候也沒下手心裡還有些後悔 直到前幾天看到風行電視在搞活動果斷下單 昨晚師傅送貨到家安裝好了 電視效果不錯 清晰 聲音洪亮 物美價廉 希望風行能夠越做越好 越做越大,positive,,,
剛開箱試機，螢幕質地很好，畫面清淅度高，功能很全，這個價格很值了！,positive,,,
便宜實惠，就是色彩的鮮豔度差了點，如果要求不高還是可以接受的,positive,,,
還是不錯的，反應還是比較快的！！！ 曬單： 收起 向左轉 向右轉 2017-12-10 21:54:20 追加： 電視外觀挺不錯的，玫瑰金的邊框彰顯美感。電視遙控操作起來也很方便，遙控器不錯，比較靈敏！還會繼續購買！！ 收起 向左轉 向右轉,positive,,,
正品，很好，經常買,positive,,,
不錯,positive,,,
還不錯。性價比挺高的,positive,,,
果然超薄，也沒有太多發熱，雙十二下單，除了送貨時間久點，其他都不錯,positive,,,
不錯,positive,,,
電視不錯，大品牌沒問題，比較清晰,positive,,,
使用了兩周，效果不錯,positive,,,
物流就是贊。服務態度好 ，開箱檢查確保沒問題。已上電測試，沒問題，清晰度好。,positive,,,
電視還沒安裝，等待安裝。不過看著挺好的,positive,,,
確實是沒有辜負期望，值得購買，信賴大！,positive,,,
給父母買的，還不錯。不虧是小米。,positive,,,
物流可以，裝機也快捷，不錯,positive,,,
快遞送貨快，售後服務態度很好，安裝師傅上門安裝，耐心細緻講解疑問。電視清晰度高，音質不錯。暫時沒有發現問題。,positive,,,
相信創維的品質，所以購買。收到貨比較滿意，邊緣即使有一點沒有全屏，不影響視覺，取出電視後會有指紋留在電視螢幕上面，一般的布可以擦處，比電腦螢幕容易擦拭，其實可以打包出售貼膜，這樣小孩子不會好奇一直留指紋到螢幕上，擦拭更容易。遙控比較好用，不看說明書都會使用了，這一點出比我想像的好。視覺滿意，在意聽覺效果的需要加上音響。本來擔心電視會碎屏，收快遞現場驗貨沒有這個問題，滿意的一次購物！,positive,,,
電視機不錯，就是買小了，夏普是沒有退換這一說的，除非是大問題，讓師傅開簽定單，自己的原因，莫得法子，服務和性能肯定都是好評的，相信京東，全部的大件都是京東自營，?東繼續加油哦?懶得拍照片，就只拍了一下空調的，嘿嘿,positive,,,
值得購買！功能強大，效果非常不錯！,positive,,,
寶貝收到了，包裝很完整價格實惠，非常滿意的一次購物經歷！,positive,,,
寶貝一級棒！師傅也太負責了！好評！,positive,,,
電視品質不錯，色彩鮮豔 ，放客廳剛剛好，客服態度也不錯。,positive,,,
挺好的，性價比高,positive,,,
，電視機很好。價格便宜服務好，電視顯示效果還可以，,positive,,,
電視不錯的。送貨上門，暫時還沒有安裝,positive,,,
本人雙11買的 這個電視 外觀好看 檔次高 我的型號是創維65寸H7超薄的 昨天剛開機 電視給我感覺就是小了一點 我本來打算放客廳 現在放 臥室了 我房間要買創維100寸的藍牙遙控器 隨意切換一點都不卡，點什麼都是秒出來 好看 大氣我還要 再買一台100寸的.真的好喜歡他的架子 就是好看 不卡 大氣 買的你放心 買的你安心 買的你絕對不後悔走過路過 千萬別錯過 支持買 買買 差不多了 我去忙了 非常好,positive,,,
電視收到了顯示幕非常清晰，價錢實惠非常滿意,positive,,,
物流客服都很給力，比想像的還大，畫面也清晰。,positive,,,
曲屏就是比一般的屏清晰，價格還不貴,positive,,,
年會獎品，螢幕色彩不錯,positive,,,
終於等到了他的到來，還沒看呢，但是之前的小米電視感覺不錯,positive,,,
物流就是快 東西也是正品,positive,,,
電視和想像的差不多！海爾大品牌，值得信賴，客服態度好！有啥事立馬解決！非常喜歡，值得大家購買，過幾天追評,positive,,,
覺得是物有所值，首先送貨速度和送貨態度都非常滿意，然後打開電視，確實做工精細，畫面流暢清晰，操作也很人性化。總之，比較滿意！,positive,,,
性價比超高，非常划算，而且機器也不錯，滿意！,positive,,,
物超所值,positive,,,
開箱通電後沒啥問題，送貨的師傅還是很負責的。曲面屏的確上檔次。自己上幾顆螺絲安裝了，希望不要出問題。,positive,,,
"今天下單中午就到,速度快,下午馬上安裝!晚上就能看!神速!",positive,,,
感覺不錯，裝起來美的很，現在只想看電視了，什麼都不想幹,positive,,,
還很便宜值得這個價格很好,positive,,,
產品很好，目前很滿意。但我支付的2年售後服務沒有任何憑證，我不知如何取得，請告知,positive,,,
挺不錯的，價錢實惠,positive,,,
漂亮，大氣，物超所值！,positive,,,
東西不錯。很薄很輕。,positive,,,
送貨上門超級快，特別給力，自己裝上了，特省事特方便，真的太超值了，爸媽特別喜歡。電視操作很簡單，主要遙控器方便。視頻好多電視劇，可以開開心心大屏追劇。哈哈哈哈哈京東就是快，風行就是好,positive,,,
物美價廉哈，真行不錯，下次自己房間再買,positive,,,
物流很快，顯示效果也非常不錯。,positive,,,
用過一段時間，才來評價。電視很清晰，設計漂亮。很滿意的一次購物，感謝京東！謝謝送貨小哥！,positive,,,
很好，兩點下單上午就到了，服務很好。,positive,,,
京東超級會員，在京東買了好多東西，一直很好，售後還是物流都很滿意，東西超級喜歡,positive,,,
物流很快，到貨後，第二天安裝，用的WiFi看，效果不錯。3999買的，物有所值，比去商場買感覺省時，省力，省不省錢，目前不知，估計應該貴不到哪去，也懶的去比價了。,positive,,,
產品品質可以,positive,,,
電視機效果非常好，顏色出彩。畫面清晰流暢。另外客服七喜、陽光、堅果的服務也很到位，棒棒噠。,positive,,,
硬屏的圖像清晰，性價比高，希望後期不要出什麼品質問題,positive,,,
媽媽說，電視機不錯，用一段時間再說唄,positive,,,
電視機很滿意，大小也正好，畫質，音色都不錯，很棒。 另外橘子，西瓜客服棒棒噠,positive,,,
不錯的小米電視，便宜！品質也不錯哦！性價比很高 曬單： 收起 向左轉 向右轉,positive,,,
東西收到了快遞很給力，就是什麼配件都沒有，連最起碼的資料線都沒有,positive,,,
挺好的！跟想像中的差不多！物流也快！送貨師傅也很好！,positive,,,
整體效果很好，性價比超高！,positive,,,
安裝師傅很負責，說是空心牆，多加了幾顆螺絲固定。電視試看了下感覺不錯。 曬單： 收起 向左轉 向右轉,positive,,,
挺好的,positive,,,
電視非常好，京東送貨非常快，安裝師傅也非常負責，態度很好，螢幕非常清晰，價格也非常合理，主要給孩子買來看動畫片，不愧是4k非常清楚，孩子很喜歡，而且非常薄，總之非常滿意,positive,,,
很好用，色彩很好，簡單易用,positive,,,
電視給父母買的，父母覺得很滿意,positive,,,
給媽媽買的送貨超級快，免費安裝，送貨人員服務也很熱情，安裝師傅很用心，給媽媽耐心講解，媽媽說畫面很清晰，內容也很豐富，在家裡放著也不大，不占地方，挺好的電視,positive,,,
就不上圖了 一句話還不錯,positive,,,
臥室用的，畫面挺清晰，但是不能離近看，否則顏色會很詭異，安裝師傅挺好的,positive,,,
京東就是好，速度快，送貨師傅認真負責，售後安裝態度好,positive,,,
非常滿意，雙十二搶的，臥室以後也買這種,positive,,,
還可以吧！還沒用 看著挺不錯的！物流也挺快 ！,positive,,,
東西很好，經常在京東買東西,positive,,,
1.新疆的，送貨很及時，態度也很不錯。2.安裝需要安裝費，可能是比較遠，不過沒有讓他安裝，自己裝的。3.電視很清晰但有時螢幕下面部分有些許花，時間很短，可能是網的問題，過段時間再看看。,positive,,,
雙12買的電視_發貨速度很快_第二天就送到家裡了_當時打電話安裝師傅很快就到了_外觀很漂亮_圖像清楚！關鍵是前期服務確實不錯_,positive,,,
海爾大品牌。售後不錯，用著放心。,positive,,,
快遞服務好，好高大,positive,,,
實惠值得購買，性價比高，下次再光顧,positive,,,
電視收到了，畫面超清晰,positive,,,
早上下單，一天后就收到貨。自己拿著底座裝好，第二天早晨起來打開電視看了兩個大片，色彩絢麗，音質很好，非常滿意！,positive,,,
電視不錯，後面的藉口有弊端，電視掛牆後連線頂著牆了！,positive,,,
電視機不錯，音響效果好，畫質清晰。我是雙十一買的，雙12的前兩天我才收到貨，打了好多投訴電話，讓我很不開心，耽誤了一個月的時間。安裝工得態度不錯，服務也好，給安裝工點個贊?,positive,,,
送貨快，安裝快！,positive,,,
大品牌 防靜電包裝 值得信賴！,positive,,,
暴風電視蠻清楚的，外觀也漂亮，性價比可以,positive,,,
看起來還不錯，電視劇很大的,positive,,,
很好的購物體驗，產品更是沒得說，畫質，音質，絕對是物超所值！！,positive,,,
今天剛收到貨，還不錯,positive,,,
電視已經收到貨，整體來說，操作介面很清晰，很簡潔。會用普通電視遙控器，就能熟練操作風行電視。電視畫面非常清晰，應用包含許多內容，比如，電影，綜藝，幼兒卡通等等。螢幕大，我今年雙12下的單，活動價買的非常超值，曬單還給價值1500多元的風行3年的金牌會員，更超值啦。這個電視值得購買，一定推薦給身邊的朋友。,positive,,,
我老媽可喜歡這電視了，不錯，不錯，五星好評,positive,,,
電視到了，很不錯，安裝很方便。但是送兒童會員月卡還沒送，客服說到時會發短信給我,positive,,,
就是薄，看著非常不錯。,positive,,,
挺好的，是我喜歡的！,positive,,,
東西收到了，京東發貨太快了，不錯！,positive,,,
非常好的電視使用滿意,positive,,,
不錯！很好用！視覺效果很棒！,positive,,,
電視不錯，很喜歡,positive,,,
雙十二搶購，價格很優惠，第二天就送到安裝，特意用了幾天才來評價。39寸放小客廳裡正好，畫面清晰，資源豐富，是部值得推薦的好電視！,positive,,,
螢幕非常清晰,positive,,,
物超所值 曬單： 收起 向左轉 向右轉,positive,,,
物流快，大電視看著就是舒服！,positive,,,
京東客服商家客服都好！電視有點問題當天回饋第二天就來換新！售後好！打電話就來！京東值得信賴！,positive,,,
不錯，值。,positive,,,
電視還沒開始用，今天師傅上門安裝在了牆上，超贊！,positive,,,
小米官網比這裡貴一塊錢，嘟嘟嘟諾諾頭，用起來非常好。祝福我倆同學看著電視和和美美，幸福永久！,positive,,,
好 挺不錯的 很薄不占地方,positive,,,
不錯，很好，性價比很高，值得推薦購買，做工精緻,positive,,,
好，用了很長時間才來評論，很清晰,positive,,,
買給爸媽還不錯,positive,,,
東西十分不錯，很實用，還會再買,positive,,,
真的，很好，京東快遞不用說，兩天就到了，送貨上門，服務態度很好，這電視買值了，很清晰，兒子挺喜歡看電視的，連接無線網是也挺流暢的，特地使用幾天之後再來評價的，,positive,,,
電視很棒。,positive,,,
價格便宜，值得購買,positive,,,
饑餓行銷，永遠都是搶購的節奏，性價比還是挺高的，至於品質只有用過的才知道！,positive,,,
70寸，剛好夠大。清晰度不錯，希望品質沒問題！ 曬單： 收起 向左轉 向右轉,positive,,,
不錯不錯,positive,,,
一共買了六台，創維的電視值得信賴，客服的態度也是棒棒的,positive,,,
這是我買的第二台微鯨電視了，去年買的是43英寸的主要上是給我女兒看動畫片的，才發現微鯨電視原來這麼好，感覺比同類別的互聯網電視好太多了，簡直是驚喜啊。這次本來還想再買43英寸的，但今年漲價幅度太大了，所以對比發現買55英寸的最划算。前段時間經過小米的店面發現4K55英寸在搞活動才2999元，於是去體驗了一下，但總感覺沒微鯨的好，便沒了買的衝動。剛好微鯨在京東這次活動價2999，買的非常超值。今天中午就送到，物流很快。現在已經在用了，真的非常棒，電視反應速度很快，也非常清晰，關鍵是微鯨的系統確實好用，絕對物超所值！,negative,,,
這台電視不錯，1080的解析度也還行，就是價格比去年不美麗了。這個也是大環境，大家都漲價了，萬惡的三星。說說電視，之所以不選小米，是因為小米4a介面朝後，掛牆不方便。之所以不選樂視，是因為樂視系統操作邏輯太奇葩。微鯨的電視以前買過一台，系統UI還是挺好用的，有好感，這次是剛需，就入手一個,negative,,,
1.機子看了5天了，挺好的，符合描述的硬屏，大屏，較薄，14kg。 2.畫面清晰，贈送一年的會員，可以看騰訊VIP，但是只有超清影片才能體現4k的畫質。 3.可以通過小鷹直播看電視直播，系統自帶，但是某些電視臺的畫質非常不好。 4.遙控器簡潔好用，如圖。但是贈送手環是行銷手段，諮詢客服說只有300名。早說.... 總體超值超值超值,negative,,,
618搶的，搶完就降價了，掛架等了七天才發過來，當初說的100E卡也沒有，客服也不理人，對客服真是沒有好感。,negative,,,
包裝完好嚴實，兩天送達，物流超快。開機要三鐘以上，煩。圖像清晰，語音辨識度很高。秒殺，多少秒啊，害得我9日淩晨起來秒，誰知24小時還沒秒完500台。第二天還接著又是秒殺日。感覺心塞。早知這樣，我就安心睡覺到天亮。,negative,,,
不掛機，是不收費的，服務好，但是，第二天就降價了，差了200元和一個掛架,negative,,,
第二台了，就是一兩個月就降價這麼多，心裡不太爽。,negative,,,
第一次用微鯨的曲屏，55寸有一點小，剛買過就降價了，有點。。。。。。,negative,,,
電視 目前沒問題，問題是買來沒幾天就降價，心裡就不舒服了，搞活動都是套路啊降價太快了，幾天一降價,negative,,,
電視本身真的很棒，沒有什麼問題，但是關於一個小小的電視掛架卻讓你感覺很不好。必須確認收貨之後才能送電視掛架，這樣真的不會影響用戶體驗和使用嗎？我知道這是你們所謂的規！定！電視收到後是京東安裝主動給我打的電話，安裝費+通用掛架共100元，而且當天可以安裝，這就讓我稍微猶豫了一下，要是等微鯨送的掛架，我的電視就要在地上放一段時間（根本沒設計電視櫃）個人感覺至少要再等15天以上，如果花100元安裝通用掛架，那微鯨所謂“送”的掛架又該怎麼辦？我知道商家肯定又會說，用戶可以自由選擇呀！最後我還是選擇了京東安裝，也聯繫客服要了微鯨送的掛機。微鯨電視在產品本身、客服、運輸安裝上都很不錯，為什麼非要在一個小小的掛架上做這樣的文章呢？讓人感覺不是很舒服，其實完全可以一百分的用戶體驗，這樣只能給到95分。我寧可商家沒有這個贈送掛架的活動，我會自己選擇花錢購買！！！！！！！！！！！不知道其他用戶有沒有這樣的感覺！這算是細節嗎？？你想要讓大眾接受一個新的品牌這樣應該有問題吧！,negative,,,
電視到了，螢幕真的很清晰，送貨小哥也不錯，秉承京東規定吧，讓坐也不坐，圖片是用螢幕大師測試的，很好，沒有壞點，反應靈敏，看差評說開機時間太長，我試了一下，只是在斷電重啟會長一些，這屬於正常，沒有開機廣告hin好，就是送的掛架太少了，沒趕上。。。,negative,,,
電視給爸爸買的，總體感覺還不錯，就是送的掛架下單說缺貨，過兩天又有了，感覺虧了一個億??，畫面感還是可以，日常看電視需求足夠，重點語音功能很方便，快進後退再也不用怕一下退過了，送的會員大部分資源都能看，但是299的會員不能看很多美劇，好像要499的才可以，不過我爸也不看，就無所謂了,negative,,,
電視機當天到貨，神速。清晰度、音質一般。語音控制器沒有送，非常不爽。,negative,,,
電視機品質不怎麼樣，買了沒多久降價好幾百，這不坑人嘛,negative,,,
電視是不錯，不過剛買一個多月就降價了，心酸。。,negative,,,
電視收到了，物流挺快的，就是券不太給力，沒便宜多少！,negative,,,
電視挺好的，還沒到兩個月，又降價了，這也太快了吧，有多花了三百塊，早知道有活動，就現在買。,negative,,,
電視挺好的，送貨速度也快，就是裝掛架的有點不靠譜，來了之後說沒帶這個型號的掛架，過了一會兒給我拿了個開過封的，又給我推薦更貴的，說不開票給我便宜，一直在那兒磨，最後還是自己回去拿了。,negative,,,
對於京東琳琅滿目的活動已經被繞暈，2998入手其實對的的起價格，尤其是配送神速，這款沒有送掛架，唯一不滿意。希望完善一點不要弄這那的噱頭，讓消費者暈頭有被小忽悠的感覺，總體滿意。,negative,,,
發貨速度挺快的，12號0點下的訂單，13號中午就已經收到，包裝完好，沒想掛到牆上，自己裝上支架就好了，挺簡單的。頭一次進入設置好網路後，再次待機再進入會有比較長的時間的系統設置，應該是在更新系統，時間比較久，需要耐心等待。進入了就好了，電視反應速度挺快，遙控器是藍牙的，挺靈敏的，會員是直接送的，用微信掃了註冊後就是會員了，會員福利還不錯，很多4K清晰度的電影，影片也有比較多，整體上感覺比較滿意，性價比高，最主要的是開機沒有廣告，希望能保持下去，另外，我辛辛苦苦12號0點預約後搶購，結果今天看來，搶購的價格並沒什麼變化，相反，現在還能用減100元的優惠券，讓我這提前預約又等到0點搶購的很不爽！,negative,,,
煩人，才買的就降價，然後現在618又降價，總體來說，產品還是不錯的。,negative,,,
非常差，效果一點都不好，誰買誰上當，顏色不正，清晰度也不好，價格差的不是一點半點，3598，還有更低的，誰買誰後悔，一點都不值，簡直差勁到底，誰買誰後悔，都想砸了，剛買了10來天就降價400多。真是坑爹呀，,negative,,,
剛買就降價200元，京東讓人寒心,negative,,,
還不錯，剛買一個月多就降價，哈哈哈哈哈,negative,,,
家裡買的第二台微鯨電視了，一如既往的好用，資源也是夠多的，對比了樂視小米，最終還是選擇了熟悉的微鯨，趕著618活動價趕緊入手，就是12號0點十幾分下的單，說掛架送完了，白天我再看了一下又有送掛架。我就鬱悶了。,negative,,,
京東618就是坑，每天的價格都在變動，大忽悠。為了早一天看上電視，就不去考慮價格了。拍下送貨倒是很快，安裝也快，我並沒有預約，京東安裝人員就來了，安裝人員挺負責，上牆120。電視清晰，語音靈敏，曲面高大上，價格合適。,negative,,,
看了很多品牌，比較了好幾款同價位的電視最後還是選擇了微鯨，昨天晚上下的單，今天就到貨了。畫質足夠清晰，音響也不錯，大氣簡約，放在客廳正好。就是隨機的遙控器不是藍牙語音的，期待後期會贈送，整體購物體驗還不錯，唯一的遺憾就是昨晚買的，今天就降價了，不過還好送了掛架。,negative,,,
兩個星期降價400元，客服說不能補差價，差評！,negative,,,
六一零點活動買的，說好有贈送掛架，最後竟然沒有，好失望啊，電視機還沒上牆，先來幾張包裝圖,negative,,,
買的時候說是促銷，會有掛架送，結果沒有，買了一周之後降價了，有個價格保護功能，可以申請補差價，這點很滿意,negative,,,
適用了幾天，畫質不錯，看高清沒有拖影現象，機身金色的邊框看著也很大氣。電視買給父母看。只是有一點不太滿意。6月1日秒殺時候都不能能用滿2000減100的券，後來的秒殺都能用券了，等於買貴了100。鬱悶。,negative,,,
收到貨了看起來不錯，只是買的時候說保價618又降價了，希望保價申請成功啊,negative,,,
送貨速度沒的說，很快！昨天早上下的單子，今天已經到了，很喜歡這個品牌，因為家裡已經有了兩台43的微鯨，用了一年，感覺不錯，所以這次還是認准微鯨牌子，一下搞了個55寸的回來， 這次正好趕上京東618搞活動，還送了一個掛架，可是掛架還沒到，不知道什麼時候能送給我,negative,,,
微鯨電視整體不錯，大氣，超薄，超清，好用，贈品實用，物流客服都很負責。只是購買過程太過繁瑣，又是預約，又是零點搶購有點折騰顧客。過程堅辛就不用提了。關鍵最不滿意的一點是降價太快，說的活動價3499，沒10天價格3299，還送100元天貓?購物卡，相當於直接降價300元，還不補差價，著時有價格忽悠消費者嫌疑，讓顧客心裡很不平衡。以上真實感受，逐字手敲，習慣好評，希望天貓繼續完善售後，真正為顧客著想，繼續努力吧,negative,,,
一直很喜歡微鯨電視，這次給小朋友的臥室買了一台43寸的。京東618活動非常給力，價格便宜，量又足。我沒想到現在的電視機非常的輕，只有八公斤，太方便了。不過頁面上，之前問客服說下單之後有掛架送的，問了送配的人員，他們說可能是分開送的。我也不知道到底他們還送不送了，心裡好難過。這款電視機原配的遙控器是紅外遙控器，不帶語音搜索功能比較不方便。客服說曬單有送藍牙遙控器，希望早點能夠收到，藍牙遙控器怎樣給小朋友使用的話就非常方便了。頁面說話，618活動還送手環，希望能夠早日收到手環,negative,,,
一直喜歡微鯨電視，家裡已經有了一個43的小鋼炮，這次果斷618再下手一個55的，喜歡操作和它的設置！就是沒有送藍牙遙控器有點坑，果然這100塊錢還是省在遙控器上面了！希望以後活動不能這樣了,negative,,,
原來想買小米或是樂視，但發現小米遙控器加錢、掛架也加錢，配置也不如微鯨，昨天晚上10點果斷買入微鯨，今天早上10點多到貨，京東快遞不錯，只是沒有收到掛架，先評論一下，今天早上又降價了200元，申請價格保護成功。電視效果也不錯，給微鯨贊一個。,negative,,,
這個電視毫無智慧語音體驗，只有一些簡單的操作，不該貪幾百塊的便宜，買小米就好了，開關機不靈敏，邊框不是金屬的，底座是我見到的最簡陋的 ，螢幕背景暗淡，根本看不清，也不知道設計軟體的怎麼想的 ，大半夜起來12點整搶的，被告知沒有掛架送，已送完，其他贈品也沒兌現，建議大家考慮下別的品牌吧 優點是 便宜、配置高 買電視還是要買聽話的電視,negative,,,
"準備換電視的時候，在雷鳥、微鯨、樂視，kktv幾個牌子間做了對比，還是覺得微鯨雖然是新興的互聯網品牌,品質卻令人放心。同款金色系便宜200，但是因為更喜歡黑色，還是多出了兩百塊錢。但令人氣惱的是，618淩晨下單是三二八八，過幾個小時到了白天後，價格卻降了兩百元。不知道微鯨的行銷策略是怎麼計畫的，實在無語。",negative,,,
1：第一次開機速度不是一般的慢不建議關閉電視下面的開關按鈕，遙控器控制開機會快很多。沒有廣告這點很好 2:色彩方面中規中矩，柔和不傷眼睛。 3:工業設計不錯，不愧是的得過if獎的設計。55寸顯得很大氣 4:電視內資源，有點匱乏！可安裝的app並不多，希望後面系統能有更多不錯的應用，比如優酷，或者其它的主流應用 5:語音辨識做的不錯很方便，尤其對小孩和老人。 總體來說滿意這次購物，雖然中間有些小摩擦。,negative,,,
第一次網上購買電視 選了半天最後選擇了微鯨 物流相比來說 我這2天 還是半夜10點多給送的 用了幾天 才來評價 金色耐看 掛在牆上不顯大 畫質流暢 清晰 感覺說明書太簡單 下載應用還得自己優盤下載 在去安裝電視裡 這點不方便 總體來說 物有所值 不錯！值得購買！滿分！,negative,,,
電視清晰度很好，開機速度也很快，師傅安裝也挺快的，服務挺好，音效不怎麼好。可下載的軟體較少，得在電腦下載然後在電視安裝,negative,,,
電視試用了一下挺不錯的，買這個電視，就是沖著IPS螢幕買的，裝機師傅也很認真，清晰度挺高的，電視速度非常快，跟我姐家的比起來，簡直是神速，想裝其他應用也非常方便，語音辨識還可以，識別率也挺高的，但是問題是不能在其他應用裡面用嗎？其他方面，慢慢用感受,negative,,,
還可以，操作反應快，藍牙遙控器的語音辨識還挺准，應用商店裡的應用太少了，沒看出是什麼廠家的液晶板，邊框不夠薄，價格比暴風的一款55吋的要貴了近四百塊，希望是一分錢一分貨。,negative,,,
家裡的第二台微鯨電視了，第一台是交行周周刷的獎品，43寸的，放臥室在用，一直用到現在，不論是清晰度和音響效果都不錯，所以才買的這台55寸的放客廳用。就是最開始啟動的時候比較慢，當然系統期間也出現過幾次問題，黑屏了，重啟又好了，更新了最新的系統後沒有出現過什麼問題，不過希望在應用軟體裡能有更多的電視軟體，能用有點少了，最後希望微鯨越做越好。,negative,,,
"先訂了小米4已下單但沒貨就退了，剛好微鯨55D2UK搞促銷，只要兩，就下單了。第三天大件物流送貨上門，拆包裝接電測試沒問題，第四天送的掛架才由京東送來，第5天預約了安裝時間，第7填師傅上門安裝，有掛架只收安裝費壹佰。打眼，掛架，接電，聯網，連藍牙遙控器，測試，OK，完美。我的買點：1、IPS硬屏，6ms,4k高清，可外接電腦（有圖）；2、介面齊全，HDMI*2，USB3.0*2，USB無線鍵盤滑鼠測試沒問題；3、支援安裝自選APP（無線網路安裝方式+U盤安裝方式）；4、藍牙語音遙控，有點AI的感覺。5、開機無廣告，如果品牌LOGO不算的話。 不足之處：1、內容還是差了點，還好我自己安裝的騰訊視頻，買了VIP；2、外接電腦聲音有失真，例如央視影音；3、無電視直播功能，官方APP裡的電視貓解析度太低，慘不忍睹，自己安裝央視影音不能用！？？？4、啟動還是有點慢，30秒以上。 用過一周再來追評。好久每認真曬單了。不完全為了曬單得贈品。",negative,,,
原來準備買小米的後來朋友推薦買微鯨電視，618的時候搶購了一台便宜了200元，首先說下優點吧，簡單易操作，圖元高，色彩好，不卡機，還送一年的會員，比較划算。缺點，應用軟體少！,negative,,,
總體來說，還不錯。 但是中間出了些小意外，都是系統的問題。 1.安裝上樂視APP和淘寶，用自帶的遙控器沒有辦法操作。我在長虹及樂視上沒有出現過問題。 2.系統前期出現過系統崩潰的情況。提示需要重啟。沒有辦法，只能重啟。 如果第一條有解決辦法，我會及時追評，讓買了同款的買家知道怎麼使用。,negative,,,
給的分低主要是因為2點，第一，貨送到了就沒下文了，既沒有人聯繫安裝，也沒有人過問是否有問題！第二，開機廣告的時間我已經是無語了，果斷低分！！！ 待後期追評其他問題,negative,,,
價格還能降啊，希望軟體也能跟得上。安裝倒是挺容易，av線路效果一般，網路的不錯。該死的是十五秒廣告到處有，真是浪費生命！會員還沒領取，一會在手機端操作下。總體還可以。,negative,,,
來隻打算用底座的，但是怕對小孩子造成安全隱患，我們還是選擇花100元裝了個掛架。 送貨，安裝速度都挺快的！除了第一次開機花費的時間較長以外，其它的開機時間都還可以，比樂視的要好。每次開機都有廣告。特意選了2+16的，免去了買電視盒子的費用，挺好。目前用還沒有出現卡頓的現象。,negative,,,
完全是電腦小白，之前一直想買60寸，但是發現55寸的確是最有性價比的，於是就吃螃蟹買了微鯨，暫時放在新家未見面，就收貨試機一睹真容，感覺還是不錯的。聽大家說是硬屏，介面豐富方便拓展，感覺自己是買對了。但是，誰能回答我：到底有沒有廣告？為啥今天來看發現頁面上寫著內含廣告？,negative,,,
臥室一直想換一台43的，看了很多牌子，對比了很多，突然發現了微鯨這個牌子，京東評分很高，然後仔細研究了一下配置，其實也不是很懂，哈哈，反正最終還是在618選擇了微鯨。首先，京東發貨確實挺快的，但是送貨有點噁心，差評。其次，送貨不影響電視機的品質，拿到當晚就試了機子，投屏，華數，下載keep健身APP，會員看電影，都很流暢，開機速度確實有點慢只能歸結于智慧機吧。而那些杜比4k什麼的還沒那種特殊要求，平時看看電視電影已經足夠了618活動也很划算。最後希望會員可以看更多電視電影咯，機子持續好下去咯。,negative,,,
618活動買的，第二天送貨！外觀很漂亮，很薄，邊框比較窄！螢幕清晰，真4K螢幕！因為有騰訊的資源，網路內容還是很豐富的，含一年會員（但是不能看騰訊高級會員限制的視頻）！自帶藍牙遙控器，出廠時的語音辨識不是很好，升級系統後語音控制特別好用！暫時沒有掛起來，掛起來應該更好看！總體來說還是不錯的！,negative,,,
第一次接觸微鯨這個牌子，總體感覺很好，螢幕清晰度可以，做工也不錯，看電影非常棒，就是下單後第三天才收到貨，害我焦急等待了二天半，送的會員還不錯，可惜只有1年，配置方面也挺高的，希望能經久耐用！追求性價比的朋友不容錯過！,negative,,,
電視給爸爸買的，總體感覺還不錯，就是送的掛架下單說缺貨，過兩天又有了，感覺虧了一個億??，畫面感還是可以，日常看電視需求足夠，重點語音功能很方便，快進後退再也不用怕一下退過了，送的會員大部分資源都能看，但是299的會員不能看很多美劇，好像要499的才可以，不過我爸也不看，就無所謂了,negative,,,
電視很棒，超薄超大，下載的高清電影終於可以在大屏上高清欣賞了，普通家用完全OK，就是送的會員裡面的資源太少了，後面考慮再給爸媽買一台，希望國產品牌越做越好！物流小哥也很nice 贊,negative,,,
東西很不錯，但是，能否吐槽下微鯨為了省成本HDMI線也沒有，電源線過短導致我只能走明線，但是總體來講還是物有所值，好評，自己慢慢裝應用玩吧，安裝略貴，一台169，另外不管買幾台，會員只送一年。,negative,,,
"東西兩天到了，55寸感覺好大，這是我買的第4台微鯨電視了，兩台43寸（其中一台4k）,一台50寸4k，現在是55寸4k。送貨員幫搬的，還給驗貨之後才簽的名。前三台用了一年多，什麼事都沒有。體驗很好，還有我喜歡看的TVB粵語港劇，只是有點不好，每年都要充值VIP而且有點小貴",negative,,,
發貨一如既往的快，電視品質不錯，待機狀態下開機很快，不超過十秒，斷電關機狀態下開機時間稍長，但也在30秒之內，第一次開機後，配置升級系統用的時間稍長，系統升級是自動的，沒有提醒，升級時機器進不了設置應用介面，升級後第一次開機時間稍長，我還以為出了問題，待機功耗很低，可以忽略不計，開機時功耗在100W左右，客服服務態度好，有問題能及時_明解決，專門配置的三合一**線很有用，連接廣電機上盒必備，開始沒有發現，客服提醒了才知道，機器介面多一些就更好了，一些老式的設備就能一起連上去，現在需要插拔換接，有點麻煩，電視畫面清晰，會員裡的4K節目品質很好，希望以後這個續會員費能夠低一些,negative,,,
反應速度挺快，硬體設定也中規中矩，螢幕素質也符合價位水準。說點不足的邊框不是金屬邊框，圖文介紹裡面還有模糊詞句誤導我以為是金屬邊框。遙控語音辨識真心累，我普通話很標準了，語音的用處也不多很多功能語音不能操控，找資源也不全。另外提醒大家領取會員需要先把系統升級到最新才能領。後續使用再追加,negative,,,
非常不錯，第三次買了 這次介紹給同學的。起先，知名度不高 懷著忐忑的心情，結果一直好，就是掛架比較貴，年費還漲了199，現在299了。,negative,,,
非常非常好用，但是不知道送的會員在哪裡，有點鬱悶,negative,,,
國產新秀牌子，6，18拍的，說是送手環，價格也不高，抱著試試看的想法拍的，價格2998.說說優點吧：1.很大，真大，比想像中大不少，這個價格基本買不到別的牌子這麼大的。所以性價比高。2，ips硬屏就是好，可視角度大，，顏色不失真。3，底座安裝沒要錢，免費。4，系統流暢，配置高2+16G，沒卡頓，5，系統開放，軟體安裝沒限制6，usb3.0速度快，.藍牙語音遙控很好用，7，活動免費送一幅掛架，已收到。優點一堆，想到這麼多想說這些吧，缺憾：1，用網路看直播電視清晰度不夠，家裡20m移動寬頻，有時略卡。和廣電有線高清節目相比有差距，畢竟那些節目得花銀子。2.高清節目最好買騰訊會員或者其他會員，贈的會員我還沒來得及兌換。(感覺現在買電視像買汽車後期要想享受還得花錢)3，作為微鯨這款55最便宜的電視雖是硬屏但是國產京東方產的，品質不知道咋樣，去年好像LG的，又是節約成本的地方。所以既然是初級入門產品，對畫質要求高的還是建議選中高端拳頭產品型號。第一次碼字這麼多，累啊夠50字了吧？,negative,,,
很垃圾，買了兩台電視，帳號不能通用，如果送的會員到期，到時候還要買兩個會員，一個會員只能用一台電視。我靠。螢幕偏暗。後悔中。。。。,negative,,,
畫面很滿意，就是**員區有的電影看不起，還有的只有5分鐘，鬱悶。,negative,,,
今天剛收到電視，感覺還可以，電視夠大，色彩還行，音質也好，就是只送一年會員，感覺時間短了些。藍牙遙控器還沒送。試用中，彎屏漏光暫時還沒發現!,negative,,,
目前一切正常，音響音質不行有待改進，塑膠邊框有點遺憾。系統流暢，畫質還行，智慧系統組態高。騰訊視頻還分鑽石會員，這有點坑爹。這個價位，按目前的表現，建議購買。,negative,,,
去年雙11買了一台微鯨43吋的，使用下來感覺不錯，所以這次6月1日活動有買了一台55吋的，到貨後看著外觀大氣，開機畫面靚麗，畫面色彩平均，沒有明顯的偏色，四周漏光控制的不錯，雖然在註冊會員上有點問題，但經過客服耐心處理。已解決，總體滿意。,negative,,,
色彩飽滿，畫面流暢，外觀高大上，這已經是家裡第三台微鯨，還幫表哥買了一台。絕對忠實微鯨粉。多台微鯨電視可以用同一帳號登陸，但是送的會員是綁定的形式，在微鯨電視上領取的會員僅支持在本機使用，而不能在原來的會員時間上延長。不知道另外購買的會員咋樣，如果也是這樣，家裡有多台微鯨的就有點不划算了。,negative,,,
是jia貨！！！ 是jia貨！！！ 太坑了，大家不要買。電視看不了VIP片源，領不了會員，打微鯨售後電話，報產品序號，客服說沒有比序號，是jia貨！！！ jia說是敏感字眼不讓評論，！！！,negative,,,
我以前買了一台樂視的電視，但是呢，後面還是想有一個多的選擇，選擇了這個微鯨啊，還有選擇了pptv，然後還選擇了這個創維一些國產的品牌，但是仔細參考參數之後還是做出了一個大膽的選擇，選擇的微鯨，使用了，之後的感覺非常的不錯，老婆也非常的喜歡，感覺比那個樂視的話還是有一定的優勢。可惜的話就是會員不夠多，然後的話價格稍微貴了一點，現在可能那個平板液晶平板這一塊也漲價了，所以說這個也情有可原。喜歡的可以大膽下手了，不會失望的，至少比創維，海信要好多了性價比更高！,negative,,,
想不到今天下午就到貨了，驚歎京東的送貨快速。開機測試竟然碰到了問題，原來送貨員沒有搞清楚開關，按錯了後面的原型按鈕，真是醉了，差點就退貨了，好在最後有驚無險。電視目前看來還是蠻驚豔的，速度非常快，就是喇叭好像一般，這款難道沒有HiFi和杜比嗎？會員申請需要電視系統更新後才能申請，希望後期買家可以借鑒。,negative,,,
效果不錯 中途有有些操作問題 客戶都遠端操作了 目前會員還沒有搞定,negative,,,
最差勁的一次購物，半顆星都不想給，電視無法領取會員客服都無法解決，讓打技術支援電話，打電話給技術支援，態度不錯，告訴我也沒辦法解決，要下班了，第二天再找相關人員解決。電話過程中，旁邊其他客服聊天聲音特別大。 特別是京東回復客服，完全沒有替客戶解決問題的態度，微鯨客服嚴重需要培訓啊。太失望了，本來抱很大希望的。這台機器肯定是退貨後從新包裝了又直接發過來的。帳號已經被領取過了。,negative,,,
1：第一次開機速度不是一般的慢不建議關閉電視下面的開關按鈕，遙控器控制開機會快很多。沒有廣告這點很好 2:色彩方面中規中矩，柔和不傷眼睛。 3:工業設計不錯，不愧是的得過if獎的設計。55寸顯得很大氣 4:電視內資源，有點匱乏！可安裝的app並不多，希望後面系統能有更多不錯的應用，比如優酷，或者其它的主流應用 5:語音辨識做的不錯很方便，尤其對小孩和老人。 總體來說滿意這次購物，雖然中間有些小摩擦。,negative,,,
6.18晚上下單的 6.20送到 物流還算快 沒有什麼太多對比 用過樂視的電視 可能視頻資源上稍微遜色樂視 但是在其他方面確實比樂視強 開機沒有廣告 前幾次開機更新會慢一些 之後每次開機就越來越快了 支援協力廠商軟體很棒 基本上滿足了 電影 直播 電視 所有的需求 再加上我本身玩遊戲 感覺螢幕色彩還可以 可能稍微偏暗 在比較黑的時候表現一般 但是總體來說 性價比高 值得買 另外 語音遙控器識別度還可以,negative,,,
61買的，二號就到了，發貨速度很快，外觀5分，第一次啟動後會升級，後面二次開機都會很慢，系統速度還行，不是特別快，吐槽下，有二個節目源是某直播平臺的電影連播，4k的節目不多，就這麼多，後續再補充。,negative,,,
不錯，好用好看好聽！但資源少了一點，希望豐富資源，尤其是教育類的。,negative,,,
不錯不錯，挺好的，很大，色彩還可以，這價位算是好的，缺點是畫面不夠流暢，部分片源這樣，介面齊全，外觀也好，邊框不是金屬，做工看起來一般，能接受。背光均勻，漏光不明顯。,negative,,,
第一次買微鯨的電視，買之前一直在網上比較小米4A和這款43D，可以說各有優劣吧。最終打動我的還是微鯨的設計，在這個價位上比小米稍顯高級感。可能節目資源沒有小米豐富，但是下載個電視貓app一樣可以看更多。最後，在2000以下的價位，我推薦這款，特別是京東有活動下手在便宜700基礎上我還有便宜了200，哈哈，賺啦！,negative,,,
第一年輕人第一台電視機，價格可以，螢幕也不錯，資源粗略看也還行，有部分4K資源，其餘基本都有藍光畫質可以選。不過美劇怎麼找不到權力的遊戲呢？希望7月新一季出的時候能有。語音試了一下還可以，常用的比如說看電影之類，反應還是不錯。,negative,,,
電視非常不錯，非常優惠的價位能購買到55寸的曲面屏大電視真心划算啊，系統用起來非常流暢不卡頓整體看起來是很驚豔的，就是整體有點厚，但這個無所謂，電視嘛，就是放在家裡，又不是拿在手上，這個不是痛點，電視可以用一年的會員，可以看很多的高清大片，電視直接看不了直播電視，得下載個軟體，名叫電視家，下載後可以看，不謝，其他都還好，整體很完美。,negative,,,
電視感覺還是不錯的，4k效果沒有體驗，畢竟沒有視頻源。但是感覺正常使用可以，作為互聯網品牌，從各方面來說信價比是蠻高的，語音辨識的速度也是可以的，比較其他品牌，沒有啥附加的品牌效應，但是電視總體是不錯的，連續播放3個小時，散熱各方面做的不錯，沒注意功耗問題，其他待體驗，期待！,negative,,,
電視很大，很清晰，看4k的片源很贊很棒很滿意。系統反應也很快，開機沒有廣告。除了底部包邊有點瑕疵和自帶的視頻直播不清楚，其它的都很滿意。直播電視臺，自己用了電信的悅米盒子，很清楚，看近期使用狀況如何，再繼續追評,negative,,,
電視顏值不錯，本來是想買小米4 49的，但是看了fview的電視選購後，果斷放棄了這個想法，在樂視和微鯨選擇，樂視有點小貴，43寸就3000多了，微鯨這個性價比最高，2689到手，但是618搶購2589，我不知你這個618前小促是啥意思。測試了平時看的視頻和電影，效果滿意，還試了幾個4k測試視頻，都可以流暢播放，唯一不能播放的是少女時代的120幀視頻，但這個水準我相當滿意了，要知道我那高配遊戲本看這幾個視頻都有卡的不行，音響很不錯，我都不敢開到一半，怕吵到鄰居！只等放假配ps4 pro了！,negative,,,
電視品質還算可以，對得起價錢，畢竟55寸才三千多。播放資源豐富，可惜電影沒有粵語的。,negative,,,
反應速度挺快，硬體設定也中規中矩，螢幕素質也符合價位水準。說點不足的邊框不是金屬邊框，圖文介紹裡面還有模糊詞句誤導我以為是金屬邊框。遙控語音辨識真心累，我普通話很標準了，語音的用處也不多很多功能語音不能操控，找資源也不全。另外提醒大家領取會員需要先把系統升級到最新才能領。後續使用再追加,negative,,,
和第一台K系列的比在系統那裡無法設置呼吸燈，也無法查詢電視硬體設置。至於HDR我以為有設置的，找半天應該主動開啟的，沒有看球賽和過多電影，效果晚一點追評。重要的是簽收沒有碎屏，通電沒啥問題。,negative,,,
畫面很滿意，就是**員區有的電影看不起，還有的只有5分鐘，鬱悶。,negative,,,
畫質好，但視頻資源不多。。。。,negative,,,
開機無廣告 55真的挺大了 螢幕外觀無壞點 無磕碰 贈送一年會員 聲音效果不錯 最大聲也沒爆音 色彩方面因人而異 個人覺得不是三星那種豔麗 很普通挺討好眼睛 不會膩 資源方面一般 線上電影加勒比海盜5看不了 老一點的大片也都看不了,negative,,,
開始準備選擇小米的，後來朋友介紹微鯨很不錯，自己也看了知乎貼吧的一些評論和測評，然後就選擇了微鯨。到貨後比我想像中大了好多，也很薄，顯示效果相當給力，送的掛架也不錯，安裝師傅還沒到，投屏很給力，手機看片投到電視很震撼好給力，你懂的。最關鍵有一年只換不修，還有誰。送的會員也不錯，資源很多，語音辨識很快，識別模型有待優化，有些資源明明有但沒搜索到，後臺系統標籤不夠細，加油,negative,,,
沒想到有這麼大 我出租屋兩米四客廳玩遊戲簡直太爽 一開始擔心開機慢 但是用了才知道沒傳說那麼慢 30秒以內吧 畢竟智慧電視 應該是rgb 挺清楚的 送的會員嘛可以看的電影不多感覺 hdr不支持ps4可惜了 總體不錯這個價格,negative,,,
朋友家裡用的感覺不錯，也在網上做了調查研究後決定買的這款。用了幾天感覺很好，畫面很清晰，聲音也可以，如果追求高品質音效，那得配個音箱，普通需求足夠。片源一般般，主要連電腦的所以也不是很在意。唯一個小毛病，電源線只能接插線板，接我家的固定插板都不通電，正在和客服聯繫,negative,,,
是jia貨！！！ 是jia貨！！！ 太坑了，大家不要買。電視看不了VIP片源，領不了會員，打微鯨售後電話，報產品序號，客服說沒有比序號，是jia貨！！！ jia說是敏感字眼不讓評論，！！！,negative,,,
首先不得不說這是一次糟糕的購物經歷，電視到手後外觀沒什麼問題，開機比較慢、大多片源都需要VIP許可權這可能是目前智慧電視的普遍特點。那麼問題來了，進入VIP領取，顯示裝置碼有問題，打電話給客服，共計43'27''這貨就沒說出個所以然。不承認有問題，說到關鍵問題就不吱聲。要是品質一般我忍了，客服就不能雇個懂點常識的嗎！總之我是不會再選微鯨的任何產品了。很認真的寫這段評論就是能給大家一個參考。因為售後可能會比產品更重要。,negative,,,
外觀很不錯，開機速度快，重要的是沒有廣告了！ 面板還過得去 資源有待體驗 樂視可以下崗了,negative,,,
物流速度快，品質也不錯啊，開機沒有廣告，性價比很高。視頻內容豐富，體育資源有些缺乏。整體體驗不錯，尺寸確實有點大，還沒有用，過段時間再評論。,negative,,,
"先訂了小米4已下單但沒貨就退了，剛好微鯨55D2UK搞促銷，只要兩，就下單了。第三天大件物流送貨上門，拆包裝接電測試沒問題，第四天送的掛架才由京東送來，第5天預約了安裝時間，第7填師傅上門安裝，有掛架只收安裝費壹佰。打眼，掛架，接電，聯網，連藍牙遙控器，測試，OK，完美。我的買點：1、IPS硬屏，6ms,4k高清，可外接電腦（有圖）；2、介面齊全，HDMI*2，USB3.0*2，USB無線鍵盤滑鼠測試沒問題；3、支援安裝自選APP（無線網路安裝方式+U盤安裝方式）；4、藍牙語音遙控，有點AI的感覺。5、開機無廣告，如果品牌LOGO不算的話。 不足之處：1、內容還是差了點，還好我自己安裝的騰訊視頻，買了VIP；2、外接電腦聲音有失真，例如央視影音；3、無電視直播功能，官方APP裡的電視貓解析度太低，慘不忍睹，自己安裝央視影音不能用！？？？4、啟動還是有點慢，30秒以上。 用過一周再來追評。好久每認真曬單了。不完全為了曬單得贈品。",negative,,,
先提醒一點，電視外接音響要買的人仔細研究下。 正文，昨晚下單，今天就收到了。速度真是沒得說。 拿到了，外觀什麼的非常好。 趁著師傅沒走趕快開機試一下，開機非常快，畫面也很好，不過因為我對色彩不敏感，覺得各個廠家差不多的感覺，但是畫面非常流暢，不卡頓。這點我非常在乎。不過自帶的影院啊之類的，大部分都要求vip，我沒有，所以看不到4k效果，但是應該可以。 自帶音響，中規中矩吧，好像沒有別人說的好。而且，到現在沒連接上我的漫步者，這個非常不滿意，因為看到網上說好像普通3.5mm的連不上或者連上了聲音小。希望廠家接下來開發的電視有改進。不知道我要不要換個音響。其他的用用再說。 放在地上的是跟我混了兩年的tcl，天氣受潮，修了一次，下崗了。 最後，我也覺得底座不算太穩，湊合著用。,negative,,,
遙控器不好用 2米距離有時候不靈敏 用衛星電視看電視的時候只有一個喇叭有聲音 電視自帶系統電影許可權太少,negative,,,
一般般，沒啥大片，還不如選小米,negative,,,
一直在關注微鯨電視，直到京東618搞活動就開始下單，平時上班忙，在雷鳥和微鯨裡選了微鯨，主要是考慮微鯨的螢幕IPS的感覺要好一點，京東送貨師傅真師傅直接一個人背著電視就上樓了，辛苦了！電視到客廳就打開驗貨，品質沒有問題。全黑背景下有些微漏光不過平時完全感覺不到，電視很大IPS的屏色彩真的不錯，唯一缺點可能是沒有運動補償吧不過還好了，這價格，音響效果還行不過低音不是特別足，自己外接音響搞定，還沒買電視櫃之前的茶几太小了直接用電視箱子當墊的架子哈哈。 節目蠻多的大多是騰訊源（然而不是全部的騰訊源都有），語音控制很好用雖然只能用於電視自己的系統（協力廠商APP不支援語音，比如B站搜東西比較麻煩） 我買的是微鯨 （WHALEY）55D2UK 55英寸 4K超高清 超薄 2G+16G 人工智慧語音互聯網LED液晶平板電視機（金色） 總之非常好評，這價格很實惠了,negative,,,
一直在很多電視機之間選擇，最後還是選擇了微鯨，畢竟硬體上的差距還是拉開同檔次的競品不少，前面就知道這個牌子當時的價格比現在還便宜。。。沒想到這個還能漲價的，不過也好，保值。希望不要漏光。硬體肯定沒得說。就希望網路能好一點。資源豐富一點。售後穩一點。,negative,,,
窄邊框，簡單漂亮，色彩寬容度都蠻不錯的，送一年會員，內容蠻新的，不過4k片源不是很好，總的來說性價比高，雖然不是最優價時入的，不過也算蠻划算了，等下了4k片源再看看4k效果。,negative,,,
之前買了部海爾55的4k電視電視，系統太卡了，果斷退貨，對比了小米樂視，同價位，性價比最高的是微鯨，最主要的是小米的電視介面在後面，掛在牆上太不方便，於是618活動果斷入手微鯨，用了幾天才來評價曬圖，速度快，畫面不錯，ips硬屏感覺不夠硬，按螢幕還是有水紋，最大缺點就是資源不多，有些搜出來，看不了，老提示看不了，希望能改善,negative,,,
第一次買微鯨電視，整體感覺電視不錯性價比高，但是有一點感覺有點霸王條款，系統自動更新，不能進行選擇是否升級！整體滿意！我家客廳有點小，剛裝上看一會兒還有點暈可能太清晰了。再就是京東的配貨速度相當6！給??????！,negative,,,
很好，非常不錯的電視。完美屏，除了介面不能把自己下的應用放到最上面。建議改進系統。,negative,,,
開始準備選擇小米的，後來朋友介紹微鯨很不錯，自己也看了知乎貼吧的一些評論和測評，然後就選擇了微鯨。到貨後比我想像中大了好多，也很薄，顯示效果相當給力，送的掛架也不錯，安裝師傅還沒到，投屏很給力，手機看片投到電視很震撼好給力，你懂的。最關鍵有一年只換不修，還有誰。送的會員也不錯，資源很多，語音辨識很快，識別模型有待優化，有些資源明明有但沒搜索到，後臺系統標籤不夠細，加油,negative,,,
50寸也沒有很大 顏色偏黃 音效很差 之前買的55寸特別好 感覺微鯨開始不走心了,negative,,,
搬新家準備買電視好久了，度娘上查JD上比國產幾個知名品牌和大法夏普低端系列之間比對_曲面還是普通直面幾度選擇崩潰！好吧互聯網新貴電視裡選一下：小米、樂視又要選擇苦難症了！前幾天老婆說她同事買了微鯨電視聽說不錯！微鯨？什麼gui？沒聽過！開始度娘瞭解又去各論壇看評測好吧就這麼訂了不為別的就是相信產品應該不會讓我失望！清空之前放在購物車的其它品牌型號！就它了！送貨過程中由於自己家裡臨時有事有點兒小曲折，感謝平臺的及時處理。今天順利到貨！送貨小哥非常熱情協助開箱檢查！完美！太完美！想告訴準備入手的朋友：非常超值！夠大夠薄夠清晰！,negative,,,
電視到貨是自己安裝的，裝好了效果不錯不比合資的要差，一開始家裡人認為微鯨就是個雜牌電視，但實際用下來感覺還是不錯的，有很多人性化上的設計，也希望國產自主品牌能越做越好,negative,,,
非常不錯，第三次買了 這次介紹給同學的。起先，知名度不高 懷著忐忑的心情，結果一直好，就是掛架比較貴，年費還漲了199，現在299了。,negative,,,
新電視拆開就開不了機，本來是想退 無奈牆上的掛架已經打洞安好了，只能申請換，現在還沒接到換貨的電話 還是選大牌子吧,negative,,,
以前沒聽說過微鯨這個牌子，最近打算買電視才開始瞭解電視品牌，有互聯網品牌也有老品牌，之前一直想買小米但是小米品控不是很好，電視手機漏光層出不窮，還有開關機廣告因此放棄，經過半個月對比正好微鯨降價2998果斷下手，配送師傅次日晌午來送的，服務態度很是不錯，還幫我們安裝調試好才走的，給師傅點贊，電視也格外清楚，語音辨識也不錯，其他功能等到時候追評，遙控器感覺有點迷你，電視說明書也好簡潔，總體來說不錯，相信京東,negative,,,
大氣，上檔次，性價比超高，簡直就是一次夢幻般購物之旅，對京東再次大幅度加分，。當然了圖片大家也都看見了，我的電視櫃原先是放25吋的，現在放了這個大傢伙哦，謔，謔，我的電視櫃怎麼變得這麼小了泥？？！真的是剛剛能放下，真的，電視掛架還沒到，很奇怪為什麼不一起送。來了之後，掛上之後應該更加給力。然後捏，電視本身更是沒的說，完全符合我的預期，溢美之詞不再贅述，。千言萬語匯做一句，微鯨，給力VABLE！！！！,negative,,,
第一次嘗試微鯨電視，原來的電視壞了，本來想買樂視的，一直沒買，幸好一直下不定決心，偶爾在一出電視劇裡看到這款電視，感覺挺方便的，上京東看，剛好618特價，馬上就預約購買了，本來是14號送貨，13號就送了，雖然快遞小哥態度有點差，但不影響產品品質，之前看過好多評論，真可謂好評如潮！回來自己安裝試了一下效果，真心不錯，自己在調試的客服人員一直在耐心回答我的各種問題，在此真心感謝！語音辨識遙控很好玩，小屁孩拿到樂壞了！整體來說性價比超高！可以連Wi-Fi，真真的高科技產品！以後再也不用搬著手機追電視劇了,negative,,,
電視還可以，速度挺快的，但是開機用的時間久了就會卡，無線投屏反應慢。這可能是安卓的通病吧，家裡那台投影儀也是這樣。還有，電視可視角度不錯，之前有人說45度發白，嚇得我差點沒買，估計他的是品質問題。第一次開機更新一下系統到最新版本，以後開機就快了，大概幾十秒，沒什麼好在意的。唯一想給差評的地方竟然是京東的物流服務，下單後，不知道是需要先預約才能發貨，結果沒接到預約客服電話，他們就給我推遲兩天發，後來我主動聯繫客服要求不能推遲發，竟然沒一個客服能給我解決問題，都是敷衍我。能找的都找了，花了兩天時間給客服解釋，打了很多電話也沒用，真是有種投訴無門的感覺。就因為沒接到你們的電話，就活該推遲兩天嗎？你們的物流怎麼那麼死板？本來是要給五星的，說著說著來氣了，果斷1星。本來打算買來後好不好都退的，來解解氣。結果還是沒退，因為電視本身確實還滿意，就是憋著氣很不爽。,negative,,,
電視沒什麼問題，就是不能和掛架同一天到，且物流方面有點慢，早上打電話問送貨師傅他說下午送，結果下午問他說還有8個地方的單子才到我，結果等到快晚上十點才到我家，然後送貨師傅只有一個，家裡沒電梯而且是9樓，開始師傅不太願意搬上去的，然後說服了他才搬上去，到家後也不等我開箱驗貨就趕著走了。,negative,,,
電視送來還沒安裝，價格還是比較合理的，唯一要吐槽的是贈送的支架只能送到電視的收貨位址，由於是剛裝修好，平時不會過去，所以還要特地跑一趟拿支架。其實既然贈送了可以服務更完善一點，不一定要同一個位址，或者讓安裝的師傅直接帶過來，只不過後臺系統處理事情多一點，這個也是服務。,negative,,,
東西可以，配送物流對接不好。需望改進。,negative,,,
好好好非常好 物流超級快18號零點買當天下午就到 就是配送員速度真的太慢了約好了19號下午2_3點過來等到快6點 不要壁掛真的推薦自己安裝很容易的總之很滿意的一次購物,negative,,,
快遞員態度不好,negative,,,
螢幕邊框挺窄的，很薄外觀不錯 畫質什麼的因為還沒入住就先不做評價了 吐槽一下物流日日順體驗太差 私自修改配送時間 早上不送貨態度也不好讓我幫他一起搬還一直在那指手畫腳的 把自己當大爺呢氣人 不過電視還是不錯的,negative,,,
首先買之前對比了樂視、小米、暴風等品牌，幾者各有千秋，樂視配置比較高（3g+16g）的，而且處理器架構是A72，但螢幕是全高清的，超清的價位較高；小米4A55寸的也不錯，只是標配版(是2g+8g)；暴風的可分離升級，功能強大，價位合適，真心不錯，但缺少地面波介面。綜合考慮所以選擇這款微鯨的了！(就是應該加強物流配送速度和送貨員的專業水準)！,negative,,,
送之前跟客服說了提前兩小時叫師傅聯繫我 結果師傅打電話過來說要直接送來 立馬從單位趕回家結果等了送貨師傅將近一個小時 期間打了無數個電話 有被掛斷的有不接的 聯繫京東客服也沒人回應 然後好不容易送貨上門了 態度還不好 真的是醉了,negative,,,
臥室一直想換一台43的，看了很多牌子，對比了很多，突然發現了微鯨這個牌子，京東評分很高，然後仔細研究了一下配置，其實也不是很懂，哈哈，反正最終還是在618選擇了微鯨。首先，京東發貨確實挺快的，但是送貨有點噁心，差評。其次，送貨不影響電視機的品質，拿到當晚就試了機子，投屏，華數，下載keep健身APP，會員看電影，都很流暢，開機速度確實有點慢只能歸結于智慧機吧。而那些杜比4k什麼的還沒那種特殊要求，平時看看電視電影已經足夠了618活動也很划算。最後希望會員可以看更多電視電影咯，機子持續好下去咯。,negative,,,
物流不給力，新家暫時沒有住人，也不提前聯繫就直接送貨。搞的我來回折騰好幾次。電視還不錯。,negative,,,
先吐槽一下，618買了4大件，一個疏忽把位址弄錯了發單位了，其他3件都可以改位址，就你們微鯨不能改，害我退貨重拍白白浪費一張優惠券。電視機總體還是不錯的因為還未拉網，其他功能等待驗證,negative,,,
想不到今天下午就到貨了，驚歎京東的送貨快速。開機測試竟然碰到了問題，原來送貨員沒有搞清楚開關，按錯了後面的原型按鈕，真是醉了，差點就退貨了，好在最後有驚無險。電視目前看來還是蠻驚豔的，速度非常快，就是喇叭好像一般，這款難道沒有HiFi和杜比嗎？會員申請需要電視系統更新後才能申請，希望後期買家可以借鑒。,negative,,,
這是第一次在京東買大件電器，結果就是一次糟心的經歷。618下單以後，電視第一次兩三天倒是給送到了，但是我在家裡還沒收到的時候，送貨人員就給我點了簽收的確認，我立馬打電話，他說就在我樓下，先點了沒事。我說萬一通電有問題呢？上來之後打開之後，電視黑屏開不了機，給客服打電話，廠家教了半天各種辦法都不好使，,negative,,,
1、先說說物流，我是六一下單說六三送貨，六二的時候還打電話跟我們確認六三送貨讓在家侯著，額從早上八點半侯到晚上九點半，中間無數次的爽約，一再延遲，最終晚上九點半收到了電視（詳見通話截圖）。想建議下京東的劉大老闆，最後幾公里的配送能力能跟的上嗎，加強一下時間承諾服務品質！ 2、電視外觀，電視實物確實比感覺中的龐大，做工算是精緻，外觀漂亮大方，滿意。 3、電視清晰度，大部分的信號源不是高清，所以感覺不到4K高清有點，嘗試觀看了幾個4K片源，確實比原來清楚些，但沒有理想中的高清。 4、電視音響效果，沒有突出之處，和普通電視基本無差異。 總結：此電視基本上滿意。所謂一分價錢一分貨，畢竟55的電視就3k的價格，講究著看還行，要追求稍高的夥計建議慎重。播放過程中貌似有略微的卡頓，現在還沒什深入研究是電視問題還是節目源問題，暫不評論。,negative,,,
1:6.1淩晨拍的，6.2電視就已經到了，只是到6.3才送到家。送貨速度給四星是希望能6.2就能夠送貨上門。 2:希望當天送貨前能給客戶打個電話，因為大家都忙著工作。以便客戶有所準備回去接收。這也是給四星的原因。3:掛架是贈送的沒一起送到不人性化。這點超級差評。4:喜歡微鯨這是第二台。,negative,,,
618搶的，搶完就降價了，掛架等了七天才發過來，當初說的100E卡也沒有，客服也不理人，對客服真是沒有好感。,negative,,,
618下單，配送服務不好，處理很慢，送貨的師傅很棒。,negative,,,
6月10日準時搶到，還送了掛架，掛架還沒打，由於活動時間比較多單送貨慢了一點還是可以接受，。電視不錯，底座是金屬的，很容易安裝，自己幾分鐘就裝好了。本來打算選小米，由於反人類的插口位置，最後選擇了微鯨電視，雖然微鯨比小米貴了50。這款電視圖像清晰美觀合用，物美價廉，很不錯的電視，值得推薦。以後還有什麼再來追評,negative,,,
不錯，618買的，約到6月24號配送，之前給弟弟買過一台50寸的微鯨，感覺不錯，這次買了這個55寸的，中規中矩吧，螢幕沒有看到漏光，介面比較齊全，可以接我的play5。吐槽下送的掛架，電視收貨後才發貨，送到的時候新裝修的房子裡又沒人，還得特地開車過來取一下。,negative,,,
趁618京東周年給家裡換部電視機，考慮過樂視，暴風等等，後來對比一下，果斷下手微鯨，性價比高。可惜今次購物以配送速度取勝的京東今次讓人失望，說好的20號送達，結果到25號。到手安排很簡單，對電視機評價很滿意！,negative,,,
第一次接觸微鯨這個牌子，總體感覺很好，螢幕清晰度可以，做工也不錯，看電影非常棒，就是下單後第三天才收到貨，害我焦急等待了二天半，送的會員還不錯，可惜只有1年，配置方面也挺高的，希望能經久耐用！追求性價比的朋友不容錯過！,negative,,,
電視不錯，比較清晰，值得好評，物流有點慢，照片就不曬了,negative,,,
電視不錯，就物流慢了。送的太慢，說好送的電話掛架也沒得。。。,negative,,,
電視還不錯，做工一般，電源開關處還有一層黑色的墊子露外面的，有點掉檔次，聲音效果一般，物流慢，慢的讓人想退貨,negative,,,
電視機太差了，系統反應好慢，圖像解析度也不行，送的藍牙手柄也連接不上，說好的手機投屏功能也用不了。客服態度惡劣，多問幾句就不耐煩。發的申通快遞也慢得要死。勸大家別買！真是花錢買氣受！氣死我了,negative,,,
電視沒什麼問題，就是不能和掛架同一天到，且物流方面有點慢，早上打電話問送貨師傅他說下午送，結果下午問他說還有8個地方的單子才到我，結果等到快晚上十點才到我家，然後送貨師傅只有一個，家裡沒電梯而且是9樓，開始師傅不太願意搬上去的，然後說服了他才搬上去，到家後也不等我開箱驗貨就趕著走了。,negative,,,
電視效果還不錯，性價比可以接受，剛開始播放高清片源時，有一點卡。電視放在桌子上，稍微有點單薄，有孩子還得掛起來比較安全。快遞稍微有點慢，不過事出有因，總體說的過去吧。,negative,,,
電視暫時看著還可以，就是螢幕上有點髒，賣家服務態度很好，就是配送的東西太慢了，半個多月了還沒收到贈品呢,negative,,,
"非常驚豔！這種價位能買到這麼好的電視，感覺物超所值！雖然因為618,京東物流不給力，等了幾天有點不耐煩，但是收到電視後全部打消了！資源也算豐富，運行速度也不錯！這次自己真的選對了！也非常感謝客服耐心的解答，謝謝！",negative,,,
趕上618，微鯨電視有了大幅度的降價，硬體設定各方面都不錯，電視內容也比較豐富，基本比較火的資源都有，好評一下送一年會員，續費也不貴總體來說是一次滿意的購物，配送稍微有點慢，不過618也就理解。五星好評奉上。,negative,,,
價格欺詐，先把價格抬很好，然後降價，剛買了沒幾天，電視還沒怎麼體驗呢，又降了200。有點心塞。詢問客服，客服都不搭理的。物流師傅倒是不錯，只是物流公司不按約定時間送貨，隨意更改。,negative,,,
今天下午剛收到機器，送的掛件還沒到，因為迫不及待所以就自己安裝了底座，開機速度不是很快，視頻清晰度也沒有想像的好，有顆粒感，不過這個價格還算可以,negative,,,
京東物流慢了些，本來應該昨天送到的，結果今天才送到。電視還可以，稍微有點延遲，性價比很高。,negative,,,
看了幾天了，感覺棒棒的，當時買這個電視看中兩點，第一是售後只換不修，第二是硬屏，沒想到買回家之後效果這麼好，電視這個東西都差不多，系統內容很豐富，就是送貨的物流不給力，其餘的好評！！！請忽視家裡的小亂,negative,,,
老實說挺不錯的！就是物流太慢了。都申請退貨才來,negative,,,
買個了5000塊的的電視，結果因為客服問題。電視到了幾天放等個掛架。你掛架和電視分開送就算了，明明是下單就可以登記發貨掛架的。結果跟我說收到貨才登記。就算收貨登記也就算了，發貨還要7個工作日。這是什麼概念？起碼12天。垃圾的微鯨，再也不買你們產品了,negative,,,
首先買之前對比了樂視、小米、暴風等品牌，幾者各有千秋，樂視配置比較高（3g+16g）的，而且處理器架構是A72，但螢幕是全高清的，超清的價位較高；小米4A55寸的也不錯，只是標配版(是2g+8g)；暴風的可分離升級，功能強大，價位合適，真心不錯，但缺少地面波介面。綜合考慮所以選擇這款微鯨的了！(就是應該加強物流配送速度和送貨員的專業水準)！,negative,,,
微鯨的性價比非常好，一開始，猶豫很久，最後選擇了微鯨，沒有失望，這個價格買4K，而且是55寸的。購買的時候還在黑色和金色之間猶豫了一下，相同配置，到手後發現金色非常大氣上檔次，有一點要提就是買電視不僅僅是買配置了，節目資源的整合也是挑選電視的50%，而資源內容方面瞭解之後微鯨做的還是很不錯的，然後就根據空間情況選購。總之這次購物體驗還是不錯的。一開始物流配送發錯了貨，折騰了兩天，昨晚收貨，接電開機註冊成功，今天看了一下，暫時沒遇到的問題。就電視本身來說我還是比較喜歡的。好評！,negative,,,
先吐槽一下物流跟網站。訂單上寫的配送時間8點到18點，約了好幾次， 每次都說下午四點半就結束了，拖了一周，約定週六9點，來的時候都十點半了。開機後，在電視上掃碼註冊帳號，用微信、qq、微信、手機號試了很多次，一提交就顯示空白頁面，換網站操作也一樣。打客服電話，客服只會重複一樣的話，最後還是線上客服微微幫忙註冊的。電視本身不錯，畫面跟音響都可以，連接聯通ip電視、硬碟、電腦都沒問題，播放很流暢。而且介面都在一側，插拔很方便。自己裝的底座，電視太大不是特別穩定，準備換成掛架。,negative,,,
相當不錯的電視，就是下雨天送貨慢了點，等到晚上才送貨,negative,,,
新做牌子，對比了小米4A，感覺小米的東西那價不會用什麼好東西，看了微鯨的評價不錯，到手東西還是不錯哦，網上下載了幾個4K電視試試效果不錯，IPS硬屏不錯，說好送的掛架沒有送，京東送貨超級慢，送了3天，說好賠的2000京豆也沒有到賬，京東服役越做越差了，希望產品可以用很久,negative,,,
在幾個互聯網品牌裡選這個，主要是聽說沒有廣告，內容也可以 由於本人沒在家，家裡人簽收的，電話裡說電視不錯。 但是要吐槽下物流有點慢，第三天才到， 還有就是15000的預約賣500嚇得我淩晨00.00.00下單結果中午還沒賣完，有點無語,negative,,,
暫時沒發現問題，正常使用，但是在機器頂部有4個黑點，就不退了，不影響使用，但是一個禮拜了到現在掛架還沒送給我，不知道啥原因。音響不錯，但是大概什麼動態的功能後畫面變暗了。,negative,,,
自己安裝特別簡單..清晰度很好.我爸媽倆老都說不錯，試了語音遙控還可以.就是音樂不能語音遙控--音響真心的不咋樣，有待提升--可能是6.18原因吧物流特別特別慢！總體感覺上還是老人家說還可以-都可以簡單的操作。,negative,,,
618淩晨一點買的，上午客服打電話確認，晚上六點多就送來了，措手不及、送貨上樓沒得說還沒試過。京東掛架沒有了，客服補發，態度還不錯！東西很棒！順便提一句：我記得618這款安裝免費，怎麼安裝客服說還要100的安裝費！？一會問客服,negative,,,
安裝還要另外收費，這點不滿意,negative,,,
安裝師傅不給力_,negative,,,
不錯剛開始覺得顏色不好，有點失真。後來發現人機對話功能不錯。就是沒有售後安裝服務這點不太好,negative,,,
差評，一星不能再多了，給老人買的，售後安裝真是無語，像求大爺一樣，一直沒給安裝，最後還是找了個修電視的熟人給安裝的,negative,,,
電視剛剛安裝好了，這個分數並不是對電視機本身的，而且針對服務的。我打400預約安裝，並說明我有掛架的情況下，客服告知微鯨的掛架品質有保障，我答覆可以讓安裝人員帶來，我比較之下再做出選擇。本地安裝人員聯繫我後需要我確定是否需要掛架，因為掛架需要他們墊付，如果不要他們就不向成都申請，基於此，我就答覆其不需要掛架，僅僅安裝，並且安裝人員也明確如果安裝的話就100元，結果相隔一個小時後，安裝人員告知我自己的掛架微鯨明確不予安裝。我認為微鯨的服務真的需要加強，並不是說自己硬實力有了軟實力就不需要了，或許這個電視壞了以後我就會選當地語系化服務好的品牌了。,negative,,,
電視清晰度還不錯，音響效果好，曲面時尚，希望不要容易出故障！售後安裝服務太差，投訴後也沒有回饋，讓人擔憂以後的服務！,negative,,,
電視外觀還不錯，直接看電視臺的節目挺清晰的，不過不知道為啥看網路上的東西清晰度就不是很高了。下單就送貨了電視送貨挺快的，不過送的壁掛架等了一周才送過去，電話問過說的第二天就能到，所以預約了安裝人員，最後自己又花錢買了一個壁掛架，這個有點坑了。等試用之後再追加評價吧！,negative,,,
東西很不錯，但是，能否吐槽下微鯨為了省成本HDMI線也沒有，電源線過短導致我只能走明線，但是總體來講還是物有所值，好評，自己慢慢裝應用玩吧，安裝略貴，一台169，另外不管買幾台，會員只送一年。,negative,,,
東西送貨超快的，已經在試用，音質不錯，但是不提供免費安裝服務讓人確實太鬱悶了，之前買的聯想和樂視電視都提供免費安裝服務的，互聯網品牌還是不行。售後堪憂,negative,,,
非常不錯，第三次買了 這次介紹給同學的。起先，知名度不高 懷著忐忑的心情，結果一直好，就是掛架比較貴，年費還漲了199，現在299了。,negative,,,
給的分低主要是因為2點，第一，貨送到了就沒下文了，既沒有人聯繫安裝，也沒有人過問是否有問題！第二，開機廣告的時間我已經是無語了，果斷低分！！！ 待後期追評其他問題,negative,,,
很好，很清楚，很滿意，就是裝掛架收費有點貴,negative,,,
快遞非常速度！昨晚11點半下的單，及時收到短信確認後今天中午就收到實物了，贊一個送貨的速度！ 上門後告知安裝掛壁要另外加收50塊，因為原有的機器已經有掛架，因此不要求掛裝了，就支架放置就OK了， 之前一直猶豫要不要再一次入手國產牌子的電視機，因為剛剛壞的就是國產牌子TCL，還不到3年就螢幕顯示模糊了，一直在夏普跟微鯨之間搖擺！知道這個牌子也是同學介紹的，他之前購買的三星後新居入夥換微鯨的，說性價比高，品質也不差，最後選擇再一次支持國貨！希望不會讓我再一次失去信心！期待微鯨的表現！ 剛剛收到還沒調試好。目前表現還算OK。 支持國貨！,negative,,,
網購這麼久第一次給差評，機器前天送到的。掛架昨天送到的。前天晚上8點17分打售後電話預約安裝。售後一直沒有和我們聯繫！老公早上又自己打電話去主動聯繫，售後說他們系統沒有登記，讓我們等著他們再安排，我就和京東售前聯繫，售前也不管，只會像複讀機一樣讓我自己找售後.。真是夠了，實在忍不了給了差評。要買的親慎重，東西我確實還沒有用不知道效果，但是服務確實不敢恭維，受得氣的再考慮購買哈！本來一星也不想給，但是選擇不了零星！氣的我胃疼,negative,,,
微鯨售後不咋的，到貨後預約安裝兩天半才上門，打了六次電話催促，真是煩死了。,negative,,,
真的是超級速度的，給力的不要不要的，給京東點贊啊。就是還沒安裝，問了客服說是如果不是微鯨指定的掛架就不免費安裝，真的是搞不懂，都是京東一起換購加價下單的，什麼是指定，沒有明指啊，那不管要不要掛架是不是也應該免費安裝啊。囧o(╯□╰)o,negative,,,
自己先裝了底座還不錯啦，就是預約安裝掛架時客服小姐姐竟然說查不到這個型號，其它沒什麼問題，如不好看追評咯,negative,,,
1.機子看了5天了，挺好的，符合描述的硬屏，大屏，較薄，14kg。 2.畫面清晰，贈送一年的會員，可以看騰訊VIP，但是只有超清影片才能體現4k的畫質。 3.可以通過小鷹直播看電視直播，系統自帶，但是某些電視臺的畫質非常不好。 4.遙控器簡潔好用，如圖。但是贈送手環是行銷手段，諮詢客服說只有300名。早說.... 總體超值超值超值,negative,,,
618搶的，搶完就降價了，掛架等了七天才發過來，當初說的100E卡也沒有，客服也不理人，對客服真是沒有好感。,negative,,,
差評，6月1日下單，定的24號送貨，618的時候看到可以送支架，問客服我下的訂單是否送支架，當時想如果不送就重新下個單，客服回復說送。送貨的時候沒有收到支架，再問客服，客服說根據訂單編號查詢，不送支架，真是暈。第一次問你們的時候怎麼不根據訂單編號來查詢，就直接說送。等送貨了，又說不送，毫無信用可言。,negative,,,
第一次用這個品牌的電視，超出自己預想，非常物超所值！螢幕清晰，反應也算不錯，沒有明顯推遲。值得推薦！手環快來！ 但這次購物，京東超級cao dan！訂單被京東取消，完全沒有理由，打電話溝通很長時間才解決一個訂單，其他商品一直不回復。對京東失望,negative,,,
電視不錯，沒有壞點，漏光也基本看不出來，看了下電視劇，有點拖影，網上換個介面就好了，暫時沒試。京東的預約客服真的要給差評，沒經過我同意擅自把送貨時間改到星期五，害送貨大哥白跑趟。這裡要給送貨大哥好評，30幾度的天氣，大中午把電視扛到5樓,negative,,,
電視機反應比較快，自帶一年鉑金會員，多數視頻都可以免費觀看，4k電視和2k個人感覺清晰度區別不大，圖片是漏光測試。個別客服服務較差。,negative,,,
電視機太差了，系統反應好慢，圖像解析度也不行，送的藍牙手柄也連接不上，說好的手機投屏功能也用不了。客服態度惡劣，多問幾句就不耐煩。發的申通快遞也慢得要死。勸大家別買！真是花錢買氣受！氣死我了,negative,,,
買個了5000塊的的電視，結果因為客服問題。電視到了幾天放等個掛架。你掛架和電視分開送就算了，明明是下單就可以登記發貨掛架的。結果跟我說收到貨才登記。就算收貨登記也就算了，發貨還要7個工作日。這是什麼概念？起碼12天。垃圾的微鯨，再也不買你們產品了,negative,,,
買完電視後找京東客服和死的一樣，理都不理人，我現在嚴重懷疑售後，到時會不會裝死,negative,,,
首先不得不說這是一次糟糕的購物經歷，電視到手後外觀沒什麼問題，開機比較慢、大多片源都需要VIP許可權這可能是目前智慧電視的普遍特點。那麼問題來了，進入VIP領取，顯示裝置碼有問題，打電話給客服，共計43'27''這貨就沒說出個所以然。不承認有問題，說到關鍵問題就不吱聲。要是品質一般我忍了，客服就不能雇個懂點常識的嗎！總之我是不會再選微鯨的任何產品了。很認真的寫這段評論就是能給大家一個參考。因為售後可能會比產品更重要。,negative,,,
送之前跟客服說了提前兩小時叫師傅聯繫我 結果師傅打電話過來說要直接送來 立馬從單位趕回家結果等了送貨師傅將近一個小時 期間打了無數個電話 有被掛斷的有不接的 聯繫京東客服也沒人回應 然後好不容易送貨上門了 態度還不好 真的是醉了,negative,,,
網購這麼久第一次給差評，機器前天送到的。掛架昨天送到的。前天晚上8點17分打售後電話預約安裝。售後一直沒有和我們聯繫！老公早上又自己打電話去主動聯繫，售後說他們系統沒有登記，讓我們等著他們再安排，我就和京東售前聯繫，售前也不管，只會像複讀機一樣讓我自己找售後.。真是夠了，實在忍不了給了差評。要買的親慎重，東西我確實還沒有用不知道效果，但是服務確實不敢恭維，受得氣的再考慮購買哈！本來一星也不想給，但是選擇不了零星！氣的我胃疼,negative,,,
為了個搖控才曬的單，在官網店拿了好幾十台電視了，記得我進手第一台電視時的客服都是搶著回答問題和服務的，可是還沒到兩年，好像微鯨的初心變了，每次和客服交流對話都是和像機器人一樣死板。做為客服無法為客戶帶來好的體驗，這是作為客服的悲哀。但是微鯨的電視品質還是有保證的，拿了那麼多台電視機，就只是壞個了搖控，畫質和色彩也還行。就是現在漲價漲的厲害。再一個是二代的電視的腳比一代的不方便。最後祝微鯨越來越好，成長的同時別忘了初心。,negative,,,
最差勁的一次購物，半顆星都不想給，電視無法領取會員客服都無法解決，讓打技術支援電話，打電話給技術支援，態度不錯，告訴我也沒辦法解決，要下班了，第二天再找相關人員解決。電話過程中，旁邊其他客服聊天聲音特別大。 特別是京東回復客服，完全沒有替客戶解決問題的態度，微鯨客服嚴重需要培訓啊。太失望了，本來抱很大希望的。這台機器肯定是退貨後從新包裝了又直接發過來的。帳號已經被領取過了。,negative,,,
電視清晰度還不錯，音響效果好，曲面時尚，希望不要容易出故障！售後安裝服務太差，投訴後也沒有回饋，讓人擔憂以後的服務！,negative,,,
lj啊，剛過一個月就出了問題，卡機，進不去系統了，不能退了，給換了一個，悔不當初啊,negative,,,
電視挺大的，支架就2顆螺絲放不穩，擺電視櫃上一碰就搖搖晃晃，貓爬櫃子上碰了下電視直接掉地上碎屏了，不退不換，修理費3298元比新買還貴，無語,negative,,,
新電視拆開就開不了機，本來是想退 無奈牆上的掛架已經打洞安好了，只能申請換，現在還沒接到換貨的電話 還是選大牌子吧,negative,,,
一星都不值，六一收貨，六二開機（第三次開機）出現黑屏，拍照反應給京東，要求退貨，京東安排廠家售後檢測，檢測師傅上門開機，翻翻功能表，記錄sn碼，就得出結論機器正常，對您沒看錯就這麼簡單，這就是故障檢測。並且填寫服務單是可以塗改的，用語還是要向上面人請示的，按實際填寫好像還不行，這就是微鯨的售會。我直接拒簽了這個服務單。把服務單發出來大家看看，京東售後也看看是不是與你們收的回饋一致，我這是複印第三聯。順便把故障照片也發一下大家也看看。發這個評論時是六月十二日晚八點了。至今我還在等著結果。但願我這是個例，算我倒楣，說這麼多供大家參考吧。,negative,,,
電視挺大的，支架就2顆螺絲放不穩，擺電視櫃上一碰就搖搖晃晃，貓爬櫃子上碰了下電視直接掉地上碎屏了，不退不換，修理費3298元比新買還貴，無語,negative,,,
